idx;path;class
0;images/c/c0027.jpg;c
1;images/c/c0033.jpg;c
2;images/c/c0153.jpg;c
3;images/c/c0147.jpg;c
4;images/c/c0190.jpg;c
6;images/c/c0185.jpg;c
7;images/c/c0191.jpg;c
8;images/c/c0146.jpg;c
10;images/c/c0032.jpg;c
13;images/c/c0024.jpg;c
14;images/c/c0018.jpg;c
15;images/c/c0144.jpg;c
17;images/c/c0178.jpg;c
18;images/c/c0187.jpg;c
19;images/c/c0193.jpg;c
20;images/c/c0192.jpg;c
22;images/c/c0179.jpg;c
23;images/c/c0151.jpg;c
24;images/c/c0145.jpg;c
25;images/c/c0019.jpg;c
26;images/c/c0025.jpg;c
27;images/c/c0031.jpg;c
28;images/c/c0009.jpg;c
29;images/c/c0035.jpg;c
30;images/c/c0021.jpg;c
31;images/c/c0169.jpg;c
32;images/c/c0141.jpg;c
33;images/c/c0155.jpg;c
34;images/c/c0182.jpg;c
35;images/c/c0196.jpg;c
36;images/c/c0197.jpg;c
40;images/c/c0168.jpg;c
41;images/c/c0020.jpg;c
44;images/c/c0022.jpg;c
45;images/c/c0036.jpg;c
46;images/c/c0156.jpg;c
49;images/c/c0181.jpg;c
50;images/c/c0180.jpg;c
51;images/c/c0194.jpg;c
52;images/c/c0143.jpg;c
53;images/c/c0157.jpg;c
55;images/c/c0023.jpg;c
56;images/c/c0044.jpg;c
57;images/c/c0050.jpg;c
58;images/c/c0078.jpg;c
59;images/c/c0087.jpg;c
60;images/c/c0093.jpg;c
61;images/c/c0130.jpg;c
62;images/c/c0124.jpg;c
63;images/c/c0118.jpg;c
65;images/c/c0125.jpg;c
67;images/c/c0092.jpg;c
68;images/c/c0086.jpg;c
70;images/c/c0051.jpg;c
71;images/c/c0045.jpg;c
72;images/c/c0053.jpg;c
73;images/c/c0047.jpg;c
74;images/c/c0090.jpg;c
75;images/c/c0084.jpg;c
76;images/c/c0127.jpg;c
78;images/c/c0132.jpg;c
79;images/c/c0126.jpg;c
80;images/c/c0085.jpg;c
81;images/c/c0091.jpg;c
82;images/c/c0046.jpg;c
83;images/c/c0052.jpg;c
85;images/c/c0042.jpg;c
86;images/c/c0095.jpg;c
89;images/c/c0136.jpg;c
90;images/c/c0137.jpg;c
91;images/c/c0123.jpg;c
92;images/c/c0080.jpg;c
93;images/c/c0094.jpg;c
94;images/c/c0043.jpg;c
95;images/c/c0057.jpg;c
96;images/c/c0069.jpg;c
97;images/c/c0041.jpg;c
98;images/c/c0055.jpg;c
99;images/c/c0082.jpg;c
100;images/c/c0096.jpg;c
104;images/c/c0120.jpg;c
105;images/c/c0134.jpg;c
106;images/c/c0108.jpg;c
107;images/c/c0097.jpg;c
108;images/c/c0083.jpg;c
110;images/c/c0040.jpg;c
111;images/c/c0068.jpg;c
112;images/c/c0065.jpg;c
113;images/c/c0071.jpg;c
114;images/c/c0059.jpg;c
115;images/c/c0111.jpg;c
116;images/c/c0105.jpg;c
118;images/c/c0138.jpg;c
119;images/c/c0104.jpg;c
120;images/c/c0110.jpg;c
122;images/c/c0070.jpg;c
123;images/c/c0064.jpg;c
124;images/c/c0072.jpg;c
125;images/c/c0066.jpg;c
126;images/c/c0099.jpg;c
128;images/c/c0112.jpg;c
130;images/c/c0107.jpg;c
131;images/c/c0098.jpg;c
132;images/c/c0067.jpg;c
133;images/c/c0073.jpg;c
135;images/c/c0063.jpg;c
136;images/c/c0088.jpg;c
138;images/c/c0117.jpg;c
139;images/c/c0116.jpg;c
140;images/c/c0102.jpg;c
141;images/c/c0089.jpg;c
142;images/c/c0062.jpg;c
144;images/c/c0048.jpg;c
146;images/c/c0074.jpg;c
147;images/c/c0128.jpg;c
148;images/c/c0114.jpg;c
149;images/c/c0100.jpg;c
150;images/c/c0101.jpg;c
151;images/c/c0115.jpg;c
153;images/c/c0075.jpg;c
154;images/c/c0061.jpg;c
155;images/c/c0049.jpg;c
156;images/c/c0006.jpg;c
158;images/c/c0172.jpg;c
159;images/c/c0166.jpg;c
162;images/c/c0167.jpg;c
164;images/c/c0013.jpg;c
165;images/c/c0007.jpg;c
166;images/c/c0011.jpg;c
167;images/c/c0005.jpg;c
169;images/c/c0165.jpg;c
171;images/c/c0159.jpg;c
172;images/c/c0170.jpg;c
173;images/c/c0164.jpg;c
174;images/c/c0038.jpg;c
176;images/c/c0010.jpg;c
178;images/c/c0014.jpg;c
180;images/c/c0148.jpg;c
181;images/c/c0160.jpg;c
183;images/c/c0175.jpg;c
184;images/c/c0161.jpg;c
185;images/c/c0149.jpg;c
186;images/c/c0001.jpg;c
188;images/c/c0029.jpg;c
189;images/c/c0003.jpg;c
190;images/c/c0017.jpg;c
192;images/c/c0177.jpg;c
193;images/c/c0163.jpg;c
194;images/c/c0188.jpg;c
196;images/c/c0162.jpg;c
198;images/c/c0200.jpg;c
199;images/c/c0016.jpg;c
200;images/c/c0002.jpg;c
201;images/e/e0089.jpg;e
202;images/e/e0076.jpg;e
203;images/e/e0062.jpg;e
204;images/e/e0102.jpg;e
205;images/e/e0116.jpg;e
206;images/e/e0103.jpg;e
207;images/e/e0063.jpg;e
208;images/e/e0077.jpg;e
209;images/e/e0061.jpg;e
210;images/e/e0075.jpg;e
211;images/e/e0049.jpg;e
213;images/e/e0101.jpg;e
214;images/e/e0129.jpg;e
215;images/e/e0128.jpg;e
216;images/e/e0100.jpg;e
217;images/e/e0114.jpg;e
218;images/e/e0048.jpg;e
219;images/e/e0060.jpg;e
220;images/e/e0058.jpg;e
221;images/e/e0070.jpg;e
222;images/e/e0138.jpg;e
223;images/e/e0110.jpg;e
226;images/e/e0111.jpg;e
228;images/e/e0071.jpg;e
229;images/e/e0059.jpg;e
230;images/e/e0098.jpg;e
231;images/e/e0073.jpg;e
234;images/e/e0113.jpg;e
235;images/e/e0112.jpg;e
236;images/e/e0106.jpg;e
238;images/e/e0072.jpg;e
239;images/e/e0099.jpg;e
240;images/e/e0015.jpg;e
243;images/e/e0217.jpg;e
244;images/e/e0203.jpg;e
245;images/e/e0161.jpg;e
247;images/e/e0148.jpg;e
248;images/e/e0174.jpg;e
249;images/e/e0160.jpg;e
250;images/e/e0202.jpg;e
251;images/e/e0028.jpg;e
252;images/e/e0014.jpg;e
253;images/e/e0002.jpg;e
254;images/e/e0016.jpg;e
256;images/e/e0214.jpg;e
257;images/e/e0189.jpg;e
260;images/e/e0163.jpg;e
261;images/e/e0177.jpg;e
263;images/e/e0215.jpg;e
264;images/e/e0201.jpg;e
265;images/e/e0003.jpg;e
269;images/e/e0198.jpg;e
272;images/e/e0172.jpg;e
273;images/e/e0210.jpg;e
274;images/e/e0012.jpg;e
275;images/e/e0006.jpg;e
276;images/e/e0038.jpg;e
277;images/e/e0010.jpg;e
278;images/e/e0004.jpg;e
279;images/e/e0212.jpg;e
280;images/e/e0206.jpg;e
281;images/e/e0158.jpg;e
282;images/e/e0164.jpg;e
283;images/e/e0170.jpg;e
284;images/e/e0171.jpg;e
286;images/e/e0207.jpg;e
290;images/e/e0034.jpg;e
291;images/e/e0020.jpg;e
294;images/e/e0140.jpg;e
295;images/e/e0154.jpg;e
296;images/e/e0168.jpg;e
297;images/e/e0169.jpg;e
300;images/e/e0182.jpg;e
301;images/e/e0223.jpg;e
302;images/e/e0009.jpg;e
303;images/e/e0021.jpg;e
304;images/e/e0035.jpg;e
305;images/e/e0023.jpg;e
306;images/e/e0037.jpg;e
307;images/e/e0209.jpg;e
308;images/e/e0194.jpg;e
309;images/e/e0180.jpg;e
310;images/e/e0157.jpg;e
311;images/e/e0143.jpg;e
312;images/e/e0142.jpg;e
313;images/e/e0156.jpg;e
314;images/e/e0181.jpg;e
315;images/e/e0195.jpg;e
316;images/e/e0208.jpg;e
317;images/e/e0220.jpg;e
318;images/e/e0036.jpg;e
321;images/e/e0032.jpg;e
322;images/e/e0218.jpg;e
324;images/e/e0191.jpg;e
325;images/e/e0185.jpg;e
326;images/e/e0152.jpg;e
327;images/e/e0146.jpg;e
328;images/e/e0147.jpg;e
329;images/e/e0153.jpg;e
332;images/e/e0225.jpg;e
333;images/e/e0219.jpg;e
335;images/e/e0031.jpg;e
336;images/e/e0025.jpg;e
337;images/e/e0227.jpg;e
339;images/e/e0192.jpg;e
341;images/e/e0145.jpg;e
342;images/e/e0151.jpg;e
343;images/e/e0144.jpg;e
344;images/e/e0178.jpg;e
345;images/e/e0193.jpg;e
347;images/e/e0226.jpg;e
349;images/e/e0030.jpg;e
350;images/e/e0018.jpg;e
352;images/e/e0080.jpg;e
353;images/e/e0057.jpg;e
354;images/e/e0043.jpg;e
355;images/e/e0123.jpg;e
357;images/e/e0136.jpg;e
364;images/e/e0097.jpg;e
365;images/e/e0040.jpg;e
369;images/e/e0108.jpg;e
370;images/e/e0109.jpg;e
371;images/e/e0121.jpg;e
372;images/e/e0135.jpg;e
373;images/e/e0069.jpg;e
374;images/e/e0055.jpg;e
375;images/e/e0096.jpg;e
376;images/e/e0082.jpg;e
377;images/e/e0086.jpg;e
378;images/e/e0092.jpg;e
380;images/e/e0045.jpg;e
381;images/e/e0051.jpg;e
382;images/e/e0119.jpg;e
383;images/e/e0131.jpg;e
384;images/e/e0125.jpg;e
385;images/e/e0130.jpg;e
390;images/e/e0087.jpg;e
392;images/e/e0085.jpg;e
394;images/e/e0046.jpg;e
395;images/e/e0126.jpg;e
396;images/e/e0132.jpg;e
397;images/e/e0133.jpg;e
398;images/e/e0127.jpg;e
399;images/e/e0047.jpg;e
400;images/e/e0053.jpg;e
401;images/e/e0084.jpg;e
402;images/e/e0090.jpg;e
404;images/o/o0001.jpg;o
405;images/o/o0015.jpg;o
406;images/o/o0029.jpg;o
407;images/o/o0175.jpg;o
408;images/o/o0161.jpg;o
409;images/o/o0149.jpg;o
410;images/o/o0148.jpg;o
411;images/o/o0160.jpg;o
412;images/o/o0174.jpg;o
413;images/o/o0028.jpg;o
414;images/o/o0014.jpg;o
415;images/o/o0216.jpg;o
417;images/o/o0214.jpg;o
419;images/o/o0002.jpg;o
420;images/o/o0162.jpg;o
421;images/o/o0176.jpg;o
422;images/o/o0189.jpg;o
423;images/o/o0188.jpg;o
424;images/o/o0177.jpg;o
425;images/o/o0163.jpg;o
427;images/o/o0017.jpg;o
428;images/o/o0215.jpg;o
429;images/o/o0211.jpg;o
430;images/o/o0205.jpg;o
435;images/o/o0199.jpg;o
436;images/o/o0172.jpg;o
437;images/o/o0166.jpg;o
438;images/o/o0006.jpg;o
440;images/o/o0206.jpg;o
444;images/o/o0158.jpg;o
446;images/o/o0164.jpg;o
447;images/o/o0165.jpg;o
448;images/o/o0171.jpg;o
449;images/o/o0159.jpg;o
450;images/o/o0011.jpg;o
452;images/o/o0039.jpg;o
454;images/o/o0207.jpg;o
455;images/o/o0062.jpg;o
456;images/o/o0076.jpg;o
457;images/o/o0089.jpg;o
459;images/o/o0102.jpg;o
460;images/o/o0103.jpg;o
461;images/o/o0117.jpg;o
463;images/o/o0077.jpg;o
465;images/o/o0075.jpg;o
466;images/o/o0061.jpg;o
467;images/o/o0049.jpg;o
469;images/o/o0115.jpg;o
470;images/o/o0129.jpg;o
471;images/o/o0128.jpg;o
472;images/o/o0114.jpg;o
474;images/o/o0048.jpg;o
475;images/o/o0060.jpg;o
476;images/o/o0074.jpg;o
477;images/o/o0058.jpg;o
478;images/o/o0070.jpg;o
479;images/o/o0064.jpg;o
480;images/o/o0138.jpg;o
483;images/o/o0111.jpg;o
484;images/o/o0105.jpg;o
485;images/o/o0139.jpg;o
487;images/o/o0071.jpg;o
488;images/o/o0059.jpg;o
489;images/o/o0067.jpg;o
490;images/o/o0073.jpg;o
491;images/o/o0098.jpg;o
492;images/o/o0113.jpg;o
495;images/o/o0112.jpg;o
496;images/o/o0099.jpg;o
497;images/o/o0072.jpg;o
498;images/o/o0043.jpg;o
499;images/o/o0057.jpg;o
500;images/o/o0080.jpg;o
501;images/o/o0094.jpg;o
504;images/o/o0136.jpg;o
506;images/o/o0081.jpg;o
512;images/o/o0083.jpg;o
515;images/o/o0109.jpg;o
516;images/o/o0135.jpg;o
517;images/o/o0121.jpg;o
521;images/o/o0041.jpg;o
522;images/o/o0055.jpg;o
523;images/o/o0079.jpg;o
524;images/o/o0051.jpg;o
525;images/o/o0045.jpg;o
526;images/o/o0092.jpg;o
529;images/o/o0125.jpg;o
530;images/o/o0131.jpg;o
531;images/o/o0130.jpg;o
532;images/o/o0124.jpg;o
533;images/o/o0118.jpg;o
534;images/o/o0087.jpg;o
536;images/o/o0044.jpg;o
537;images/o/o0078.jpg;o
538;images/o/o0046.jpg;o
540;images/o/o0085.jpg;o
541;images/o/o0091.jpg;o
543;images/o/o0126.jpg;o
544;images/o/o0127.jpg;o
545;images/o/o0133.jpg;o
546;images/o/o0090.jpg;o
548;images/o/o0053.jpg;o
549;images/o/o0047.jpg;o
550;images/o/o0222.jpg;o
552;images/o/o0034.jpg;o
553;images/o/o0008.jpg;o
555;images/o/o0140.jpg;o
557;images/o/o0197.jpg;o
559;images/o/o0182.jpg;o
561;images/o/o0169.jpg;o
563;images/o/o0155.jpg;o
564;images/o/o0009.jpg;o
565;images/o/o0035.jpg;o
567;images/o/o0223.jpg;o
568;images/o/o0221.jpg;o
570;images/o/o0037.jpg;o
572;images/o/o0143.jpg;o
575;images/o/o0195.jpg;o
576;images/o/o0181.jpg;o
578;images/o/o0142.jpg;o
579;images/o/o0022.jpg;o
581;images/o/o0208.jpg;o
582;images/o/o0220.jpg;o
583;images/o/o0218.jpg;o
584;images/o/o0224.jpg;o
585;images/o/o0026.jpg;o
587;images/o/o0185.jpg;o
588;images/o/o0191.jpg;o
589;images/o/o0190.jpg;o
590;images/o/o0184.jpg;o
591;images/o/o0153.jpg;o
592;images/o/o0147.jpg;o
595;images/o/o0019.jpg;o
597;images/o/o0031.jpg;o
598;images/o/o0179.jpg;o
599;images/o/o0151.jpg;o
600;images/o/o0145.jpg;o
601;images/o/o0192.jpg;o
602;images/o/o0186.jpg;o
603;images/o/o0193.jpg;o
604;images/o/o0144.jpg;o
605;images/o/o0150.jpg;o
607;images/o/o0030.jpg;o
608;images/o/o0024.jpg;o
609;images/o/o0018.jpg;o
